name1,name2,season,score,match_indicator
Onyinye Wilfred Ndidi,Wilfred Ndidi,17-18,76.47058823529412,1
Mesut Ozil,Mesut Özil,17-18,90.0,1
Matthew James,Matty James,17-18,83.33333333333334,1
Sergio Aguero,Sergio Agüero,17-18,92.3076923076923,1
Francesc Fábregas,Cesc Fàbregas,17-18,80.0,1
Robert Brady,Robbie Brady,17-18,83.33333333333334,1
Patrick Van Aanholt,Patrick van Aanholt,17-18,100.0,1
Thomas Ince,Tom Ince,17-18,84.21052631578947,1
Bojan Krkic,Bojan Krkic Perez,17-18,78.57142857142857,1
Rhu-Endly Martina,Cuco Martina,17-18,62.06896551724138,1
Luis Antonio Valencia,Antonio Valencia,17-18,86.48648648648648,1
Javier Hernández,Javier Hernández Balcázar,17-18,78.04878048780488,1
Ayoze Pérez Gutiérrez,Ayoze Pérez,17-18,68.75,1
Moussa Dembélé,Mousa Dembélé,17-18,96.29629629629629,1
Oriol Romeu,Oriol Romeu Vidal,17-18,78.57142857142857,1
Cedric Ricardo Alves Soares,Cédric Soares,17-18,60.0,1
Thomas Carroll,Tom Carroll,17-18,88.0,1
Roberto Firmino Barbosa de Oliveira,Roberto Firmino,17-18,60.0,1
Sadio Mane,Sadio Mané,17-18,90.0,1
Jordan Ibe,Jordon Ibe,17-18,90.0,1
Ahmed El-Sayed Hegazy,Ahmed El-Sayed Hegazi,17-18,95.23809523809523,1
Matthew Phillips,Matt Phillips,17-18,89.65517241379311,1
Ramadan Sobhy Ahmed,Ramadan Sobhi,17-18,75.0,1
Chung-Yong Lee,Chung-yong Lee,17-18,100.0,1
Ashley Roy Westwood,Ashley Westwood,17-18,88.23529411764706,1
José Heriberto Izquierdo,José Heriberto Izquierdo Mena,17-18,90.56603773584906,1
Renato Júnior Luz Sanches,Renato Sanches,17-18,71.7948717948718,1
Ilkay Gundogan,Ilkay Gündogan,17-18,92.85714285714286,1
Victor Nilsson-Lindelof,Victor Lindelöf,17-18,73.68421052631578,1
Sung-Yueng Ki,Sung-yueng Ki,17-18,100.0,1
Phillip Bardsley,Phil Bardsley,17-18,89.65517241379311,1
Georges-Kévin Nkoudou Mbida,Georges-Kévin Nkoudou,17-18,87.5,1
Daniel Ward,Danny Ward,18-19,76.19047619047619,1
David Hoilett,David Junior Hoilett,18-19,78.78787878787878,1
Bobby DeCordova-Reid,Bobby Reid,18-19,66.66666666666666,1
Souleymane Bamba,Sol Bamba,18-19,72.0,1
Sergio Aguero,Sergio Agüero,18-19,92.3076923076923,1
Ilkay Gundogan,Ilkay Gündogan,18-19,92.85714285714286,1
Mesut Ozil,Mesut Özil,18-19,90.0,1
Patrick Van Aanholt,Patrick van Aanholt,18-19,100.0,1
Andre Schürrle,André Schürrle,18-19,92.85714285714286,1
Kouassi Ryan Sessegnon,Ryan Sessegnon,18-19,77.77777777777779,1
Kepa Arrizabalaga Revuelta,Kepa Arrizabalaga,18-19,79.06976744186046,1
Javier Hernández,Javier Hernández Balcázar,18-19,78.04878048780488,1
Roberto Firmino Barbosa de Oliveira,Roberto Firmino,18-19,60.0,1
Sadio Mane,Sadio Mané,18-19,90.0,1
Onyinye Wilfred Ndidi,Wilfred Ndidi,18-19,76.47058823529412,1
Victor Nilsson-Lindelof,Victor Lindelöf,18-19,73.68421052631578,1
David De Gea,David de Gea,18-19,100.0,1
Moussa Dembélé,Mousa Dembélé,18-19,96.29629629629629,1
Ayoze Pérez Gutiérrez,Ayoze Pérez,18-19,68.75,1
Cedric Ricardo Alves Soares,Cédric Soares,18-19,60.0,1
Ashley Roy Westwood,Ashley Westwood,18-19,88.23529411764706,1
Oriol Romeu,Oriol Romeu Vidal,18-19,78.57142857142857,1
Mohammed Elyounoussi,Mohamed Elyounoussi,18-19,97.43589743589743,1
João Moutinho,João Filipe Iria Santos Moutinho,18-19,57.77777777777777,1
Helder Costa,Hélder Costa,18-19,91.66666666666666,1
Diogo José Teixeira da Silva,Diogo Jota,18-19,52.63157894736842,1
Raul Alonso Jimenez Rodriguez,Raúl Jiménez,18-19,48.78048780487805,1
Leonardo Bonatini Lohner Maia,Bonatini Lohner Maia Bonatini,18-19,68.96551724137932,1
Ramadan Sobhy Ahmed,Ramadan Sobhi,18-19,75.0,1
Lucas Pérez Martínez,Lucas Pérez,18-19,70.96774193548387,1
Jordan Ibe,Jordon Ibe,18-19,90.0,1
Luis Antonio Valencia,Antonio Valencia,18-19,86.48648648648648,1
Sung-Yueng Ki,Sung-yueng Ki,18-19,100.0,1
Phillip Bardsley,Phil Bardsley,18-19,89.65517241379311,1
Ashley Richards,Ashley Darel Jazz Richards,18-19,73.17073170731707,1
Greg Cunningham,Greg Cunninghamm,18-19,96.7741935483871,1
Romain Saiss,Romain Saïss,18-19,91.66666666666666,1
José Heriberto Izquierdo,José Heriberto Izquierdo Mena,18-19,90.56603773584906,1
Francesc Fábregas,Cesc Fàbregas,18-19,80.0,1
Robert Brady,Robbie Brady,18-19,83.33333333333334,1
Sergio Rico González,Sergio Rico,18-19,70.96774193548387,1
Caglar Söyüncü,Çaglar Söyüncü,18-19,92.85714285714286,1
Yann Valery,Yan Valery,18-19,95.23809523809523,1
Georges-Kévin Nkoudou Mbida,Georges-Kévin Nkoudou,18-19,87.5,1
Havard Nordtveit,Håvard Nordtveit,18-19,93.75,1
Roberto Firmino Barbosa de Oliveira,Roberto Firmino,19-20,60.0,1
Kenneth McLean,Kenny McLean,19-20,84.61538461538461,1
Sadio Mane,Sadio Mané,19-20,90.0,1
Ashley Roy Westwood,Ashley Westwood,19-20,88.23529411764706,1
Yann Valery,Yan Valery,19-20,95.23809523809523,1
Oriol Romeu,Oriol Romeu Vidal,19-20,78.57142857142857,1
Patrick Van Aanholt,Patrick van Aanholt,19-20,100.0,1
João Moutinho,João Filipe Iria Santos Moutinho,19-20,57.77777777777777,1
Ayoze Pérez Gutiérrez,Ayoze Pérez,19-20,68.75,1
Raul Alonso Jimenez Rodriguez,Roberto Jimenez Gago,19-20,53.06122448979592,1
Onyinye Wilfred Ndidi,Wilfred Ndidi,19-20,76.47058823529412,1
Diogo José Teixeira da Silva,Diogo Jota,19-20,52.63157894736842,1
Romain Saiss,Romain Saïss,19-20,91.66666666666666,1
Caglar Söyüncü,Çaglar Söyüncü,19-20,92.85714285714286,1
José Ignacio Peleteiro Ramallo,José Ignacio Peleteiro Romallo,19-20,96.66666666666667,1
Wesley Moraes Ferreira da Silva,Wesley Moraes,19-20,59.09090909090909,1
Ahmed Elmohamady,Ahmed El Mohamady,19-20,96.96969696969697,1
Mahmoud Hassan,Mahmoud Ahmed Ibrahim Hassan,19-20,66.66666666666666,1
Tanguy NDombele,Tanguy Ndombele,19-20,100.0,1
Georges-Kévin Nkoudou Mbida,Georges-Kévin Nkoudou,19-20,87.5,1
Björn Engels,Bjorn Engels,19-20,91.66666666666666,1
Rodrigo Hernández Cascante,Rodrigo Hernandez,19-20,74.4186046511628,1
Javier Hernández,Javier Hernández Balcázar,19-20,78.04878048780488,1
Sergio Aguero,Sergio Agüero,19-20,92.3076923076923,1
Ilkay Gundogan,Ilkay Gündogan,19-20,92.85714285714286,1
David De Gea,David de Gea,19-20,100.0,1
Victor Nilsson-Lindelof,Victor Lindelöf,19-20,73.68421052631578,1
Kepa Arrizabalaga Revuelta,Kepa Arrizabalaga,19-20,79.06976744186046,1
Nicolas Pepe,Nicolas Pépé,19-20,83.33333333333334,1
Sung-Yueng Ki,Sung-yueng Ki,19-20,100.0,1
Pedro Neto,Pedro Lomba Neto,19-20,76.92307692307693,1
Jordan Ibe,Jordon Ibe,19-20,90.0,1
Frederic Guilbert,Frédéric Guilbert,19-20,88.23529411764706,1
Ismaila Sarr,Ismaïla Sarr,19-20,91.66666666666666,1
Cedric Ricardo Alves Soares,Cédric Soares,19-20,60.0,1
Mesut Ozil,Mesut Özil,19-20,90.0,1
Jesús Vallejo,Jesús Vallejo Lázaro,19-20,78.78787878787878,1
Robert Brady,Robbie Brady,19-20,83.33333333333334,1
Jose Angel Esmoris Tasende,José Ángel Esmorís Tasende,19-20,88.46153846153845,1
Roberto Jiménez,Roberto Jimenez Gago,19-20,80.0,1
Ralf Fährmann,Ralf Fahrmann,19-20,92.3076923076923,1
Djibril Sidibe,Djibril Sidibé,19-20,92.85714285714286,1
Muhamed Besic,Muhamed Bešić,19-20,84.61538461538461,1
Kouassi Ryan Sessegnon,Ryan Sessegnon,19-20,77.77777777777779,1
Phillip Bardsley,Phil Bardsley,19-20,89.65517241379311,1
Örjan Nyland,Ørjan Nyland,19-20,91.66666666666666,1
Emile Smith-Rowe,Emile Smith Rowe,19-20,93.75,1
Mbwana Aly Samatta,Mbwana Samatta,19-20,87.5,1
Daniel Podence,Daniel Castelo Podence,19-20,77.77777777777779,1
Matthew James,Matty James,19-20,83.33333333333334,1
Emiliano Martinez,Emiliano Martínez,19-20,94.11764705882352,1
Robert Brady,Robbie Brady,20-21,83.33333333333334,1
Ashley Roy Westwood,Ashley Westwood,20-21,88.23529411764706,1
David De Gea,David de Gea,20-21,100.0,1
Oriol Romeu,Oriol Romeu Vidal,20-21,78.57142857142857,1
Gabriel dos Santos Magalhães,Gabriel Magalhães,20-21,75.55555555555556,1
Nicolas Pepe,Nicolas Pépé,20-21,83.33333333333334,1
Mohamed Elneny,Mohamed Naser El Sayed Elneny,20-21,65.11627906976744,1
Ivan Cavaleiro,Ivan Ricardo Neves Abreu Cavaleiro,20-21,58.333333333333336,1
Aleksandar Mitrovic,Aleksandar Mitrović,20-21,94.73684210526315,1
Bobby DeCordova-Reid,Bobby Decordova-Reid,20-21,100.0,1
Pablo Hernández,Pablo Hernández Domínguez,20-21,75.0,1
Roberto Firmino Barbosa de Oliveira,Roberto Firmino,20-21,60.0,1
Rodrigo Moreno Machado,Rodrigo Moreno,20-21,77.77777777777779,1
Sadio Mane,Sadio Mané,20-21,90.0,1
Helder Costa,Hélder Wander Sousa de Azevedo e Costa,20-21,44.0,1
Ilkay Gundogan,Ilkay Gündogan,20-21,92.85714285714286,1
Rodrigo Hernández Cascante,Rodrigo Hernandez,20-21,74.4186046511628,1
Bertrand Traore,Bertrand Traoré,20-21,93.33333333333333,1
Emiliano Martinez,Emiliano Martínez,20-21,94.11764705882352,1
Tanguy NDombele,Tanguy Ndombele,20-21,100.0,1
Onyinye Wilfred Ndidi,Wilfred Ndidi,20-21,76.47058823529412,1
Semi Ajayi,Oluwasemilogo Adesewo Ibidapo Ajayi,20-21,44.44444444444444,1
Caglar Söyüncü,Çaglar Söyüncü,20-21,92.85714285714286,1
Ayoze Pérez Gutiérrez,Ayoze Pérez,20-21,68.75,1
Matheus Fellipe Costa Pereira,Matheus Pereira,20-21,68.18181818181817,1
Kepa Arrizabalaga Revuelta,Kepa Arrizabalaga,20-21,79.06976744186046,1
Daniel Podence,Daniel Castelo Podence,20-21,77.77777777777779,1
Pedro Neto,Pedro Lomba Neto,20-21,76.92307692307693,1
João Moutinho,João Filipe Iria Santos Moutinho,20-21,57.77777777777777,1
Fernando Marçal de Oliveira,Fernando Marçal,20-21,71.42857142857143,1
Vitor Machado Ferreira,Vitor Ferreira,20-21,77.77777777777779,1
Romain Saiss,Romain Saïss,20-21,91.66666666666666,1
Raul Alonso Jimenez Rodriguez,Raúl Jiménez,20-21,48.78048780487805,1
Mahmoud Hassan,Mahmoud Ahmed Ibrahim Hassan,20-21,66.66666666666666,1
Matthew Phillips,Matt Phillips,20-21,89.65517241379311,1
James Dunne,Jimmy Dunne,20-21,72.72727272727273,1
Phillip Bardsley,Phil Bardsley,20-21,89.65517241379311,1
Victor Nilsson-Lindelof,Victor Lindelöf,20-21,73.68421052631578,1
Fabio Daniel Soares Silva,Fabio Silva,20-21,61.111111111111114,1
Diogo José Teixeira da Silva,Diogo Jota,20-21,52.63157894736842,1
Thiago Emiliano da Silva,Thiago Thiago,20-21,54.054054054054056,1
Nelson Semedo,Nélson Cabral Semedo,20-21,72.72727272727273,1
Ahmed Elmohamady,Ahmed El Mohamady,20-21,96.96969696969697,1
Sergio Aguero,Sergio Agüero,20-21,92.3076923076923,1
Oluwatosin Adarabioyo,Tosin Adarabioyo,20-21,86.48648648648648,1
Patrick Van Aanholt,Patrick van Aanholt,20-21,100.0,1
Said Benrahma,Saïd Benrahma,20-21,92.3076923076923,1
Robert Sanchez,Robert Sánchez,20-21,92.85714285714286,1
Diego Javier Llorente Ríos,Diego Llorente,20-21,70.0,1
Cedric Ricardo Alves Soares,Cédric Soares,20-21,60.0,1
Emile Smith-Rowe,Emile Smith Rowe,20-21,93.75,1
Zackary Steffen,Zack Steffen,20-21,88.88888888888889,1
Yann Valery,Yan Valery,20-21,95.23809523809523,1
Martin Odegaard,Martin Ødegaard,20-21,93.33333333333333,1
Rúnar Rúnarsson,Rúnar Alex Rúnarsson,20-21,85.71428571428571,1
João Manuel Neves Virgínia,João Virgínia,20-21,66.66666666666666,1
Wesley Moraes Ferreira da Silva,Wesley Moraes,20-21,59.09090909090909,1
José Heriberto Izquierdo,José Izquierdo,20-21,73.68421052631578,1
Amad Diallo Traore,Amad Diallo,20-21,75.86206896551724,1
Emile Smith-Rowe,Emile Smith Rowe,21-22,93.75,1
Nicolas Pepe,Nicolas Pépé,21-22,83.33333333333334,1
Nuno Tavares,Nuno Varela Tavares,21-22,77.41935483870968,1
Sergi Canos,Sergi Canós,21-22,90.9090909090909,1
Christian Norgaard,Christian Nørgaard,21-22,94.44444444444444,1
Robert Sanchez,Robert Sánchez,21-22,92.85714285714286,1
Ashley Roy Westwood,Ashley Westwood,21-22,88.23529411764706,1
Addji Keaninkin Marc-Israel Guehi,Marc Guéhi,21-22,41.86046511627907,1
Valentino Livramento,Tino Livramento,21-22,85.71428571428571,1
Oriol Romeu,Oriol Romeu Vidal,21-22,78.57142857142857,1
José Pedro Malheiro de Sá,José Malheiro de Sá,21-22,86.36363636363636,1
João Moutinho,João Filipe Iria Santos Moutinho,21-22,57.77777777777777,1
Francisco António Machado Trincão,Francisco Machado Mota de Castro Trincão,21-22,68.4931506849315,1
Onyinye Wilfred Ndidi,Wilfred Ndidi,21-22,76.47058823529412,1
Ayoze Pérez Gutiérrez,Ayoze Pérez,21-22,68.75,1
Raul Alonso Jimenez Rodriguez,Raúl Jiménez,21-22,48.78048780487805,1
Romain Saiss,Romain Saïss,21-22,91.66666666666666,1
Fabio Daniel Soares Silva,Fabio Silva,21-22,61.111111111111114,1
Fernando Marçal de Oliveira,Fernando Marçal,21-22,71.42857142857143,1
Caglar Söyüncü,Çaglar Söyüncü,21-22,92.85714285714286,1
Helder Costa,Hélder Wander Sousa de Azevedo e Costa,21-22,44.0,1
Victor Nilsson-Lindelof,Victor Lindelöf,21-22,73.68421052631578,1
David De Gea,David de Gea,21-22,100.0,1
Rodrigo Moreno Machado,Rodrigo Moreno,21-22,77.77777777777779,1
Junior Firpo,Héctor Junior Firpo Adames,21-22,63.1578947368421,1
Said Benrahma,Saïd Benrahma,21-22,92.3076923076923,1
Roberto Firmino Barbosa de Oliveira,Roberto Firmino,21-22,60.0,1
Dimitrios Giannoulis,Dimitris Giannoulis,21-22,97.43589743589743,1
Diogo José Teixeira da Silva,Diogo Jota,21-22,52.63157894736842,1
Sadio Mane,Sadio Mané,21-22,90.0,1
Maximillian Aarons,Max Aarons,21-22,71.42857142857143,1
Ilkay Gundogan,Ilkay Gündogan,21-22,92.85714285714286,1
Bertrand Traore,Bertrand Traoré,21-22,93.33333333333333,1
Juan Camilo Hernández,Juan Camilo Hernández Suárez,21-22,85.71428571428571,1
Emiliano Martinez,Emiliano Martínez,21-22,94.11764705882352,1
Peter Etebo,Oghenekaro Peter Etebo,21-22,66.66666666666666,1
Emiliano Buendía,Emiliano Buendía Stati,21-22,84.21052631578947,1
Emmanuel Bonaventure Dennis,Emmanuel Dennis,21-22,71.42857142857143,1
Cedric Ricardo Alves Soares,Cédric Soares,21-22,60.0,1
Wesley Moraes Ferreira da Silva,Wesley Moraes,21-22,59.09090909090909,1
Imran Louza,Imrân Louza,21-22,90.9090909090909,1
Kenneth McLean,Kenny McLean,21-22,84.61538461538461,1
Rodrigo Hernández Cascante,Rodrigo Hernandez,21-22,74.4186046511628,1
Nelson Semedo,Nélson Cabral Semedo,21-22,72.72727272727273,1
Diego Javier Llorente Ríos,Diego Llorente,21-22,70.0,1
Martin Odegaard,Martin Ødegaard,21-22,93.33333333333333,1
Mohamed Elneny,Mohamed Naser El Sayed Elneny,21-22,65.11627906976744,1
Mohammed Elyounoussi,Mohamed Elyounoussi,21-22,97.43589743589743,1
Bryan Gil,Bryan Gil Salvatierra,21-22,60.0,1
Raphael Varane,Raphaël Varane,21-22,92.85714285714286,1
Daniel Podence,Daniel Castelo Podence,21-22,77.77777777777779,1
Gabriel dos Santos Magalhães,Gabriel Magalhães,21-22,75.55555555555556,1
Mads Roerslev,Mads Roerslev Rasmussen,21-22,72.22222222222221,1
Asmir Begovic,Asmir Begović,21-22,92.3076923076923,1
Mathias Antonsen Normann,Mathias Normann,21-22,76.92307692307693,1
Kepa Arrizabalaga Revuelta,Kepa Arrizabalaga,21-22,79.06976744186046,1
Tanguy NDombele,Tanguy Ndombele,21-22,100.0,1
Zackary Steffen,Zack Steffen,21-22,88.88888888888889,1
Nicolas N'Koulou,Nicolas Nkoulou,21-22,96.7741935483871,1
James Mcatee,James McAtee,21-22,100.0,1
Kouassi Ryan Sessegnon,Ryan Sessegnon,21-22,77.77777777777779,1
Philippe Coutinho,Philippe Coutinho Correia,21-22,80.95238095238095,1
Vitaliy Mykolenko,Vitalii Mykolenko,21-22,94.11764705882352,1
Pedro Neto,Pedro Lomba Neto,21-22,76.92307692307693,1
Yann Valery,Yan Valery,21-22,95.23809523809523,1
Mahmoud Hassan,Mahmoud Ahmed Ibrahim Hassan,21-22,66.66666666666666,1
Moises Caicedo,Moisés Caicedo,21-22,92.85714285714286,1
Gabriel Teodoro Martinelli Silva,Gabriel Martinelli Silva,22-23,85.71428571428571,1
Martin Odegaard,Martin Ødegaard,22-23,93.33333333333333,1
Ben White,Benjamin White,22-23,78.26086956521739,1
Edward Nketiah,Eddie Nketiah,22-23,81.48148148148148,1
Addji Keaninkin Marc-Israel Guehi,Marc Guéhi,22-23,41.86046511627907,1
Cheick Oumar Doucoure,Cheick Doucouré,22-23,77.77777777777779,1
Matthew Cash,Matty Cash,22-23,81.81818181818183,1
Philippe Coutinho,Philippe Coutinho Correia,22-23,80.95238095238095,1
Emiliano Buendía,Emiliano Buendía Stati,22-23,84.21052631578947,1
Jefferson Lerma,Jefferson Lerma Solís,22-23,83.33333333333334,1
Emiliano Martinez,Emiliano Martínez Romero,22-23,78.04878048780488,1
Rúben Gonçalo Silva Nascimento Vinagre,Rúben Nascimento Vinagre,22-23,77.41935483870968,1
Marc Cucurella,Marc Cucurella Saseta,22-23,80.0,1
Vitaliy Mykolenko,Vitalii Mykolenko,22-23,94.11764705882352,1
Bamidele Alli,Dele Alli,22-23,81.81818181818183,1
Benjamin Chilwell,Ben Chilwell,22-23,82.75862068965517,1
Roberto Firmino Barbosa de Oliveira,Roberto Firmino,22-23,60.0,1
Darwin Núñez,Darwin Núñez Ribeiro,22-23,75.0,1
Aleksandar Mitrovic,Aleksandar Mitrović,22-23,94.73684210526315,1
Bobby DeCordova-Reid,Bobby De Cordova-Reid,22-23,97.5609756097561,1
Oluwatosin Adarabioyo,Tosin Adarabioyo,22-23,86.48648648648648,1
Andreas Pereira,Andreas Hoelgebaum Pereira,22-23,73.17073170731707,1
Fabio Carvalho,Fábio Freitas Gouveia Carvalho,22-23,59.09090909090909,1
João Maria Lobo Alves Palhinha Gonçalves,João Palhinha Gonçalves,22-23,73.01587301587301,1
Rodrigo Moreno Machado,Rodrigo Moreno,22-23,77.77777777777779,1
Diego Javier Llorente Ríos,Diego Llorente,22-23,70.0,1
Marc Roca,Marc Roca Junqué,22-23,72.0,1
José Pedro Malheiro de Sá,José Malheiro de Sá,22-23,86.36363636363636,1
Hee-Chan Hwang,Hwang Hee-chan,22-23,57.14285714285714,1
Daniel Podence,Daniel Castelo Podence,22-23,77.77777777777779,1
Rayan Ait Nouri,Rayan Aït-Nouri,22-23,86.66666666666667,1
Pedro Neto,Pedro Lomba Neto,22-23,76.92307692307693,1
Rúben Diogo da Silva Neves,Rúben da Silva Neves,22-23,86.95652173913044,1
Halil Dervisoglu,Halil Dervişoğlu,22-23,87.5,1
Christian Norgaard,Christian Nørgaard,22-23,94.44444444444444,1
Pelenda Joshua Dasilva,Josh Dasilva,22-23,70.58823529411765,1
Onyinye Wilfred Ndidi,Wilfred Ndidi,22-23,76.47058823529412,1
Joseph Willock,Joe Willock,22-23,88.0,1
Miguel Almirón,Miguel Almirón Rejala,22-23,80.0,1
Yann Valery,Yan Valery,22-23,95.23809523809523,1
Ivan Perisic,Ivan Perišić,22-23,83.33333333333334,1
Heung-Min Son,Son Heung-min,22-23,69.23076923076923,1
Emerson Aparecido Leite de Souza Junior,Emerson Leite de Souza Junior,22-23,85.29411764705883,1
Oriol Romeu,Oriol Romeu Vidal,22-23,78.57142857142857,1
Romeo Lavia,Roméo Lavia,22-23,90.9090909090909,1
Kouassi Ryan Sessegnon,Ryan Sessegnon,22-23,77.77777777777779,1
Joe Aribo,Joe Ayodele-Aribo,22-23,69.23076923076923,1
José Diogo Dalot Teixeira,Diogo Dalot Teixeira,22-23,88.88888888888889,1
Robert Sanchez,Robert Sánchez,22-23,92.85714285714286,1
Bruno Miguel Borges Fernandes,Bruno Borges Fernandes,22-23,86.27450980392157,1
Alejandro Garnacho Ferreyra,Alejandro Garnacho,22-23,80.0,1
David De Gea,David De Gea Quintana,22-23,72.72727272727273,1
Moises Caicedo,Moisés Caicedo Corozo,22-23,74.28571428571429,1
Solomon March,Solly March,22-23,75.0,1
Pablo Fornals,Pablo Fornals Malla,22-23,81.25,1
Rúben Santos Gato Alves Dias,Rúben Gato Alves Dias,22-23,85.71428571428571,1
Said Benrahma,Saïd Benrahma,22-23,92.3076923076923,1
João Pedro Cavaco Cancelo,João Cancelo,22-23,64.86486486486487,1
Ilkay Gundogan,Ilkay Gündogan,22-23,92.85714285714286,1
Rodrigo Hernández Cascante,Rodrigo Hernandez,22-23,74.4186046511628,1
Bernardo Mota Veiga de Carvalho e Silva,Bernardo Veiga de Carvalho e Silva,22-23,93.15068493150685,1
Emile Smith-Rowe,Emile Smith Rowe,22-23,93.75,1
Amadou Mvom Onana,Amadou Onana,22-23,82.75862068965517,1
Raphael Varane,Raphaël Varane,22-23,92.85714285714286,1
Mads Roerslev,Mads Roerslev Rasmussen,22-23,72.22222222222221,1
Carlos Miguel Ribeiro Dias,Carlos Ribeiro Dias,22-23,84.44444444444444,1
Mohammed Elyounoussi,Mohamed Elyounoussi,22-23,97.43589743589743,1
Armel Bella Kotchap,Armel Bella-Kotchap,22-23,94.73684210526315,1
Luis Sinisterra,Luis Sinisterra Lucumí,22-23,81.08108108108108,1
Adama Traoré,Adama Traoré Diarra,22-23,77.41935483870968,1
Nelson Semedo,Nélson Cabral Semedo,22-23,72.72727272727273,1
Lyanco Evangelista Silveira Neves Vojnovic,Lyanco Silveira Neves Vojnovic,22-23,83.33333333333334,1
Ayoze Pérez Gutiérrez,Ayoze Pérez,22-23,68.75,1
Raul Alonso Jimenez Rodriguez,Raúl Jiménez,22-23,48.78048780487805,1
João Moutinho,João Filipe Iria Santos Moutinho,22-23,57.77777777777777,1
Jan-Paul van Hecke,Jan Paul van Hecke,22-23,94.44444444444444,1
Emiliano Marcondes Camargo Hansen,Emiliano Marcondes,22-23,70.58823529411765,1
Emmanuel Bonaventure Dennis,Emmanuel Dennis,22-23,71.42857142857143,1
Carlos Henrique Jose Francisco Venancio,Carlos Henrique Casimiro,22-23,53.96825396825397,1
Diogo José Teixeira da Silva,Diogo Teixeira da Silva,22-23,90.19607843137256,1
Fábio Daniel Vieira,Fábio Ferreira Vieira,22-23,70.0,1
Willian Borges Da Silva,Willian Borges da Silva,22-23,100.0,1
Carlos Vinicius Alves Morais,Carlos Vinícius Alves Morais,22-23,96.42857142857143,1
Hamed Traore,Hamed Traorè,22-23,91.66666666666666,1
Kepa Arrizabalaga Revuelta,Kepa Arrizabalaga,22-23,79.06976744186046,1
Junior Firpo,Junior Firpo Adames,22-23,77.41935483870968,1
Bertrand Traore,Bertrand Traoré,22-23,93.33333333333333,1
Ricardo Domingos Barbosa Pereira,Ricardo Barbosa Pereira,22-23,83.63636363636363,1
Hugo Bueno,Hugo Bueno López,22-23,76.92307692307693,1
Ebere Paul Onuachu,Paul Onuachu,22-23,80.0,1
Javier Manquillo,Javier Manquillo Gaitán,22-23,82.05128205128204,1
Marcus Vinícius Oliveira Alencar,Marcus Oliveira Alencar,22-23,83.63636363636363,1
Jeremy Sarmiento,Jeremy Sarmiento Morante,22-23,80.0,1
Asmir Begovic,Asmir Begović,22-23,92.3076923076923,1
Victor Nilsson-Lindelof,Victor Lindelöf,22-23,73.68421052631578,1
Facundo Pellistri,Facundo Pellistri Rebollo,22-23,80.95238095238095,1
Degnand Wilfried Gnonto,Wilfried Gnonto,22-23,78.94736842105263,1
Sergi Canos,Sergi Canós Tenés,22-23,71.42857142857143,1
Bryan Gil,Bryan Gil Salvatierra,22-23,60.0,1
Cedric Ricardo Alves Soares,Cédric Alves Soares,22-23,78.26086956521739,1
Caglar Söyüncü,Çaglar Söyüncü,22-23,92.85714285714286,1
Pape Sarr,Pape Matar Sarr,22-23,75.0,1
Matias Viña,Matías Viña,22-23,90.9090909090909,1
Arnaut Danjuma Groeneveld,Arnaut Danjuma,22-23,71.7948717948718,1
Valentino Livramento,Tino Livramento,22-23,85.71428571428571,1
Benson Manuel,Edson Álvarez Velázquez,23-24,44.44444444444444,1
Rodrigo Hernández Cascante,Rodrigo Hernandez,23-24,74.4186046511628,1
Mateo Kovacic,Mateo Kovačić,23-24,84.61538461538461,1
Bernardo Mota Veiga de Carvalho e Silva,Bernardo Veiga de Carvalho e Silva,23-24,93.15068493150685,1
Ameen Al Dakhil,Ameen Al-Dakhil,23-24,93.33333333333333,1
James Mcatee,James McAtee,23-24,100.0,1
Victor Alexander da Silva,Victor da Silva,23-24,75.0,1
Said Benrahma,Saïd Benrahma,23-24,92.3076923076923,1
Tomas Soucek,Tomáš Souček,23-24,75.0,1
Vladimir Coufal,Vladimír Coufal,23-24,93.33333333333333,1
Pablo Fornals,Pablo Fornals Malla,23-24,81.25,1
Maximillian Aarons,Max Aarons,23-24,71.42857142857143,1
Edward Nketiah,Eddie Nketiah,23-24,81.48148148148148,1
Ola Aina,Olu Aina,23-24,87.5,1
Martin Odegaard,Martin Ødegaard,23-24,93.33333333333333,1
Ben White,Benjamin White,23-24,78.26086956521739,1
Gabriel Teodoro Martinelli Silva,Gabriel Martinelli Silva,23-24,85.71428571428571,1
Amarii Bell,Amari'i Bell,23-24,95.65217391304348,1
Jan-Paul van Hecke,Jan Paul van Hecke,23-24,94.44444444444444,1
Mads Andersen,Mads Juel Andersen,23-24,83.87096774193549,1
Issa Kabore,Issa Kaboré,23-24,90.9090909090909,1
Ryan John Giles,Ryan Giles,23-24,80.0,1
Solomon March,Solly March,23-24,75.0,1
Amadou Mvom Onana,Amadou Onana,23-24,82.75862068965517,1
Andreas Pereira,Andreas Hoelgebaum Pereira,23-24,73.17073170731707,1
Sasa Lukic,Saša Lukić,23-24,80.0,1
Willian Borges Da Silva,Willian Borges da Silva,23-24,100.0,1
Aleksandar Mitrovic,Aleksandar Mitrović,23-24,94.73684210526315,1
Raul Alonso Jimenez Rodriguez,Raúl Jiménez,23-24,48.78048780487805,1
Bobby DeCordova-Reid,Bobby De Cordova-Reid,23-24,97.5609756097561,1
Philippe Coutinho,Philippe Coutinho Correia,23-24,80.95238095238095,1
Miguel Almirón,Miguel Almirón Rejala,23-24,80.0,1
Emiliano Martinez,Emiliano Martínez Romero,23-24,78.04878048780488,1
Matthew Cash,Matty Cash,23-24,81.81818181818183,1
Cheick Oumar Doucoure,Cheick Doucouré,23-24,77.77777777777779,1
Vinicius de Souza Costa,Vini de Souza Costa,23-24,90.47619047619048,1
Addji Keaninkin Marc-Israel Guehi,Marc Guéhi,23-24,41.86046511627907,1
Anis Ben Slimane,Anis Slimane,23-24,85.71428571428571,1
Jefferson Lerma,Jefferson Lerma Solís,23-24,83.33333333333334,1
Anel Ahmedhodzic,Anel Ahmedhodžić,23-24,87.5,1
Pape Sarr,Pape Matar Sarr,23-24,75.0,1
Christian Norgaard,Christian Nørgaard,23-24,94.44444444444444,1
Mads Roerslev,Mads Roerslev Rasmussen,23-24,72.22222222222221,1
Emerson Aparecido Leite de Souza Junior,Emerson Leite de Souza Junior,23-24,85.29411764705883,1
Iyenoma Destiny Udogie,Destiny Udogie,23-24,77.77777777777779,1
Heung-Min Son,Son Heung-min,23-24,69.23076923076923,1
Ivan Perisic,Ivan Perišić,23-24,83.33333333333334,1
Darwin Núñez,Darwin Núñez Ribeiro,23-24,75.0,1
Benjamin Chilwell,Ben Chilwell,23-24,82.75862068965517,1
Robert Sanchez,Robert Sánchez,23-24,92.85714285714286,1
Diogo José Teixeira da Silva,Diogo Teixeira da Silva,23-24,90.19607843137256,1
Rayan Ait Nouri,Rayan Aït-Nouri,23-24,86.66666666666667,1
Bruno Miguel Borges Fernandes,Bruno Borges Fernandes,23-24,86.27450980392157,1
Hugo Bueno,Hugo Bueno López,23-24,76.92307692307693,1
José Pedro Malheiro de Sá,José Malheiro de Sá,23-24,86.36363636363636,1
Victor Nilsson-Lindelof,Victor Lindelöf,23-24,73.68421052631578,1
Carlos Henrique Jose Francisco Venancio,Carlos Henrique Casimiro,23-24,53.96825396825397,1
Fabio Daniel Soares Silva,Fábio Silva,23-24,55.55555555555556,1
Facundo Pellistri,Facundo Pellistri Rebollo,23-24,80.95238095238095,1
Nelson Semedo,Nélson Cabral Semedo,23-24,72.72727272727273,1
Hee-Chan Hwang,Hwang Hee-chan,23-24,57.14285714285714,1
Raphael Varane,Raphaël Varane,23-24,92.85714285714286,1
Alejandro Garnacho Ferreyra,Alejandro Garnacho,23-24,80.0,1
Pedro Neto,Pedro Lomba Neto,23-24,76.92307692307693,1
João Maria Lobo Alves Palhinha Gonçalves,João Palhinha Gonçalves,23-24,73.01587301587301,1
Pelenda Joshua Dasilva,Josh Dasilva,23-24,70.58823529411765,1
Joseph Gomez,Joe Gomez,23-24,85.71428571428571,1
Hamed Traore,Hamed Traorè,23-24,91.66666666666666,1
Valentino Livramento,Tino Livramento,23-24,85.71428571428571,1
Rúben Santos Gato Alves Dias,Rúben Gato Alves Dias,23-24,85.71428571428571,1
José Diogo Dalot Teixeira,Diogo Dalot Teixeira,23-24,88.88888888888889,1
Edson Álvarez,Edson Álvarez Velázquez,23-24,72.22222222222221,1
Moises Caicedo,Moisés Caicedo Corozo,23-24,74.28571428571429,1
Fábio Daniel Vieira,Fábio Ferreira Vieira,23-24,70.0,1
Oluwatosin Adarabioyo,Tosin Adarabioyo,23-24,86.48648648648648,1
Bertrand Traore,Bertrand Traoré,23-24,93.33333333333333,1
Johann Berg Gudmundsson,Jóhann Berg Gudmundsson,23-24,95.65217391304348,1
Nuno Tavares,Nuno Varela Tavares,23-24,77.41935483870968,1
Jéremy Doku,Jérémy Doku,23-24,90.9090909090909,1
Vitaliy Mykolenko,Vitalii Mykolenko,23-24,94.11764705882352,1
Carlos Vinicius Alves Morais,Carlos Vinícius Alves Morais,23-24,96.42857142857143,1
Anssumane Fati,Anssumane Fati Vieira,23-24,80.0,1
Emile Smith-Rowe,Emile Smith Rowe,23-24,93.75,1
Marc Cucurella,Marc Cucurella Saseta,23-24,80.0,1
Ehor Yarmolyuk,Yegor Yarmoliuk,23-24,82.75862068965517,1
Ionut Radu,Ionuț Radu,23-24,90.0,1
Bryan Gil,Bryan Gil Salvatierra,23-24,60.0,1
Joseph Willock,Joe Willock,23-24,88.0,1
Odisseas Vlachodimos,Odysseas Vlachodimos,23-24,95.0,1
Fode Ballo-Toure,Fodé Ballo-Touré,23-24,87.5,1
Dorde Petrovic,Đorđe Petrović,23-24,78.57142857142857,1
Enes Unal,Enes Ünal,23-24,88.88888888888889,1
André Filipe Tavares Gomes,André Tavares Gomes,23-24,84.44444444444444,1
Romeo Lavia,Roméo Lavia,23-24,90.9090909090909,1
Amad Diallo Traore,Amad Diallo,23-24,75.86206896551724,1
Brandon Aguilera,Brandon Aguilera Zamora,23-24,82.05128205128204,1
Cedric Ricardo Alves Soares,Cédric Alves Soares,23-24,78.26086956521739,1
Kaine Hayden,Kaine Kesler-Hayden,23-24,77.41935483870968,1
Andreas Pereira,Andreas Hoelgebaum Pereira,24-25,73.17073170731707,1
Amad Diallo Traore,Amad Diallo,24-25,75.86206896551724,1
Emile Smith-Rowe,Emile Smith Rowe,24-25,93.75,1
Alejandro Garnacho Ferreyra,Alejandro Garnacho,24-25,80.0,1
Raul Alonso Jimenez Rodriguez,Raúl Jiménez,24-25,48.78048780487805,1
Bruno Miguel Borges Fernandes,Bruno Borges Fernandes,24-25,86.27450980392157,1
José Diogo Dalot Teixeira,Diogo Dalot Teixeira,24-25,88.88888888888889,1
Sasa Lukic,Saša Lukić,24-25,80.0,1
Carlos Henrique Jose Francisco Venancio,Carlos Henrique Casimiro,24-25,53.96825396825397,1
Daniel Podence,Daniel Castelo Podence,24-25,77.77777777777779,1
Hee-Chan Hwang,Hwang Hee-chan,24-25,57.14285714285714,1
Gabriel Teodoro Martinelli Silva,Gabriel Martinelli Silva,24-25,85.71428571428571,1
José Pedro Malheiro de Sá,José Malheiro de Sá,24-25,86.36363636363636,1
Martin Odegaard,Martin Ødegaard,24-25,93.33333333333333,1
Ben White,Benjamin White,24-25,78.26086956521739,1
Rayan Ait Nouri,Rayan Aït-Nouri,24-25,86.66666666666667,1
Kaoru Mitoma,Mitoma Kaoru,24-25,50.0,1
Jeremy Sarmiento,Jeremy Sarmiento Morante,24-25,80.0,1
Vitaliy Mykolenko,Vitalii Mykolenko,24-25,94.11764705882352,1
Jan-Paul van Hecke,Jan Paul van Hecke,24-25,94.44444444444444,1
Diogo José Teixeira da Silva,Diogo Teixeira da Silva,24-25,90.19607843137256,1
Sammie Szmodics,Sam Szmodics,24-25,88.88888888888889,1
Ali Ibrahim Karim Al Hamadi,Ali Al-Hamadi,24-25,60.0,1
Omari Hutchinson,Omari Giraud-Hutchinson,24-25,82.05128205128204,1
Marcus Harness,Marcus Myers-Harness,24-25,82.35294117647058,1
William Smallbone,Will Smallbone,24-25,90.32258064516128,1
Valentino Livramento,Tino Livramento,24-25,85.71428571428571,1
Carlos Alcaraz,Carlos Alcaraz Durán,24-25,82.35294117647058,1
Ben Brereton,Ben Brereton Díaz,24-25,82.75862068965517,1
Yukinari Sugawara,Sugawara Yukinari,24-25,47.05882352941176,1
Julian Araujo,Julián Araujo Zúñiga,24-25,72.72727272727273,1
Vladimir Coufal,Vladimír Coufal,24-25,93.33333333333333,1
Matthew Cash,Matty Cash,24-25,81.81818181818183,1
Amadou Mvom Onana,Amadou Onana,24-25,82.75862068965517,1
Jaden Philogene-Bidace,Jaden Philogene,24-25,81.08108108108108,1
Tomas Soucek,Tomáš Souček,24-25,75.0,1
Kosta Nedeljkovic,Kosta Nedeljković,24-25,94.11764705882352,1
Emiliano Martinez,Emiliano Martínez Romero,24-25,78.04878048780488,1
Fabio Carvalho,Fábio Freitas Gouveia Carvalho,24-25,59.09090909090909,1
Mads Roerslev,Mads Roerslev Rasmussen,24-25,72.22222222222221,1
Ismaila Sarr,Ismaïla Sarr,24-25,91.66666666666666,1
Jefferson Lerma,Jefferson Lerma Solís,24-25,83.33333333333334,1
Addji Keaninkin Marc-Israel Guehi,Marc Guéhi,24-25,41.86046511627907,1
Cheick Oumar Doucoure,Cheick Doucouré,24-25,77.77777777777779,1
Christian Norgaard,Christian Nørgaard,24-25,94.44444444444444,1
Robert Sanchez,Robert Sánchez,24-25,92.85714285714286,1
Rúben Santos Gato Alves Dias,Rúben Gato Alves Dias,24-25,85.71428571428571,1
Moises Caicedo,Moisés Caicedo Corozo,24-25,74.28571428571429,1
Marc Guiu,Marc Guiu Paz,24-25,81.81818181818183,1
Jéremy Doku,Jérémy Doku,24-25,90.9090909090909,1
Marc Cucurella,Marc Cucurella Saseta,24-25,80.0,1
Sávio Moreira de Oliveira,Sávio 'Savinho' Moreira de Oliveira,24-25,83.33333333333334,1
Mateo Kovacic,Mateo Kovačić,24-25,84.61538461538461,1
Renato da Palma Veiga,Renato Palma Veiga,24-25,92.3076923076923,1
Pedro Neto,Pedro Lomba Neto,24-25,76.92307692307693,1
Romeo Lavia,Roméo Lavia,24-25,90.9090909090909,1
Bernardo Mota Veiga de Carvalho e Silva,Bernardo Veiga de Carvalho e Silva,24-25,93.15068493150685,1
Bobby DeCordova-Reid,Bobby De Cordova-Reid,24-25,97.5609756097561,1
Pape Sarr,Pape Matar Sarr,24-25,75.0,1
Onyinye Wilfred Ndidi,Wilfred Ndidi,24-25,76.47058823529412,1
Heung-Min Son,Son Heung-min,24-25,69.23076923076923,1
Iyenoma Destiny Udogie,Destiny Udogie,24-25,77.77777777777779,1
Dominic Solanke,Dominic Solanke-Mitchell,24-25,76.92307692307693,1
Abdul Fatawu Issahaku,Abdul Fatawu,24-25,72.72727272727273,1
Miguel Almirón,Miguel Almirón Rejala,24-25,80.0,1
Joseph Willock,Joe Willock,24-25,88.0,1
Chadi Riad,Chadi Riad Dnanou,24-25,74.07407407407408,1
Edson Álvarez,Edson Álvarez Velázquez,24-25,72.22222222222221,1
Wataru Endo,Endo Wataru,24-25,54.54545454545454,1
Darwin Núñez,Darwin Núñez Ribeiro,24-25,75.0,1
James Mcatee,James McAtee,24-25,100.0,1
Ilkay Gundogan,Ilkay Gündogan,24-25,92.85714285714286,1
João Pedro Ferreira da Silva,João Pedro Ferreira Silva,24-25,94.33962264150944,1
Nikola Milenkovic,Nikola Milenković,24-25,94.11764705882352,1
Jesper Lindstrom,Jesper Lindstrøm,24-25,93.75,1
Kepa Arrizabalaga Revuelta,Kepa Arrizabalaga,24-25,79.06976744186046,1
Seamus Coleman,Séamus Coleman,24-25,92.85714285714286,1
Lamar Bogarde,Lamare Bogarde,24-25,96.29629629629629,1
Radu Dragusin,Radu Drăgușin,24-25,84.61538461538461,1
Nelson Semedo,Nélson Cabral Semedo,24-25,72.72727272727273,1
Lukasz Fabianski,Łukasz Fabiański,24-25,87.5,1
Oluwatosin Adarabioyo,Tosin Adarabioyo,24-25,86.48648648648648,1
Enes Unal,Enes Ünal,24-25,88.88888888888889,1
Emiliano Buendía,Emiliano Buendía Stati,24-25,84.21052631578947,1
Edward Nketiah,Eddie Nketiah,24-25,81.48148148148148,1
Alexandre Moreno Lopera,Álex Moreno Lopera,24-25,82.92682926829268,1
Ehor Yarmolyuk,Yehor Yarmoliuk,24-25,89.65517241379311,1
Rodrigo Hernández Cascante,Rodrigo 'Rodri' Hernandez,24-25,62.745098039215684,1
Yunus Konak,Yunus Emre Konak,24-25,81.48148148148148,1
Joseph Gomez,Joe Gomez,24-25,85.71428571428571,1
Takehiro Tomiyasu,Tomiyasu Takehiro,24-25,47.05882352941176,1
Ebere Paul Onuachu,Paul Onuachu,24-25,80.0,1
Victor Nilsson-Lindelof,Victor Lindelöf,24-25,73.68421052631578,1
Vitezslav Jaros,Vítezslav Jaros,24-25,93.33333333333333,1
Harrison Clarke,Harry Clarke,24-25,81.48148148148148,1
Jorge Cuenca,Jorge Cuenca Barreno,24-25,75.0,1
Ricardo Domingos Barbosa Pereira,Ricardo Barbosa Pereira,24-25,83.63636363636363,1
Matt O’Riley,Matt O'Riley,24-25,91.66666666666666,1
Maximillian Aarons,Max Aarons,24-25,71.42857142857143,1
Kouassi Ryan Sessegnon,Ryan Sessegnon,24-25,77.77777777777779,1
Joshua King,Josh King,24-25,90.0,1
Nathan Wood,Nathan Wood-Gordon,24-25,75.86206896551724,1
Oliver Scarles,Ollie Scarles,24-25,88.88888888888889,1
Martin Dubravka,Martin Dúbravka,24-25,93.33333333333333,1
Carlos Vinicius Alves Morais,Carlos Vinícius Alves Morais,24-25,96.42857142857143,1
Solomon March,Solly March,24-25,75.0,1
Ji-Soo Kim,Kim Ji-soo,24-25,60.0,1
Pedro Henrique Cardoso de Lima,Pedro Cardoso de Lima,24-25,82.35294117647058,1
Nico O’Reilly,Nico O'Reilly,24-25,92.3076923076923,1
Omar Khaled Mohamed Marmoush,Omar Marmoush,24-25,63.41463414634146,1
Abduqodir Khusanov,Abdukodir Khusanov,24-25,94.44444444444444,1
Benjamin Chilwell,Ben Chilwell,24-25,82.75862068965517,1
Willian Borges Da Silva,Willian Borges da Silva,24-25,100.0,1
Nasser Yacouba Djiga,Nasser Djiga,24-25,75.0,1
Armel Bella Kotchap,Armel Bella-Kotchap,24-25,94.73684210526315,1
