match_id,date,team,goals,xg,goals_c,xg_c
987592,11th Aug 2018,BOU,2,2.20,0,1.59
987592,11th Aug 2018,CAR,0,1.59,2,2.20
987593,12th Aug 2018,ARS,0,0.48,2,1.72
987593,12th Aug 2018,MCI,2,1.72,0,0.48
987594,11th Aug 2018,CRY,2,0.98,0,0.68
987594,11th Aug 2018,FUL,0,0.68,2,0.98
987595,11th Aug 2018,CHE,3,1.94,0,0.28
987595,11th Aug 2018,HUD,0,0.28,3,1.94
987596,12th Aug 2018,LIV,4,4.04,0,0.67
987596,12th Aug 2018,WHU,0,0.67,4,4.04
987597,10th Aug 2018,LEI,1,1.76,2,1.51
987597,10th Aug 2018,MUN,2,1.51,1,1.76
987598,11th Aug 2018,NEW,1,0.98,2,2.06
987598,11th Aug 2018,TOT,2,2.06,1,0.98
987599,12th Aug 2018,BUR,0,1.41,0,1.10
987599,12th Aug 2018,SOU,0,1.10,0,1.41
987600,11th Aug 2018,BHA,0,0.31,2,1.22
987600,11th Aug 2018,WAT,2,1.22,0,0.31
987601,11th Aug 2018,EVE,2,0.99,2,0.99
987601,11th Aug 2018,WOL,2,0.99,2,0.99
987602,19th Aug 2018,BHA,3,1.66,2,1.39
987602,19th Aug 2018,MUN,2,1.39,3,1.66
987603,19th Aug 2018,BUR,1,0.59,3,1.48
987603,19th Aug 2018,WAT,3,1.48,1,0.59
987604,18th Aug 2018,CAR,0,0.90,0,1.61
987604,18th Aug 2018,NEW,0,1.61,0,0.90
987605,18th Aug 2018,ARS,2,2.39,3,1.62
987605,18th Aug 2018,CHE,3,1.62,2,2.39
987606,20th Aug 2018,CRY,0,0.41,2,2.60
987606,20th Aug 2018,LIV,2,2.60,0,0.41
987607,18th Aug 2018,EVE,2,1.51,1,1.76
987607,18th Aug 2018,SOU,1,1.76,2,1.51
987608,18th Aug 2018,LEI,2,0.22,0,1.11
987608,18th Aug 2018,WOL,0,1.11,2,0.22
987609,19th Aug 2018,HUD,1,0.67,6,4.34
987609,19th Aug 2018,MCI,6,4.34,1,0.67
987610,18th Aug 2018,FUL,1,1.58,3,2.89
987610,18th Aug 2018,TOT,3,2.89,1,1.58
987611,18th Aug 2018,BOU,2,1.36,1,1.18
987611,18th Aug 2018,WHU,1,1.18,2,1.36
987612,25th Aug 2018,BOU,2,2.18,2,0.64
987612,25th Aug 2018,EVE,2,0.64,2,2.18
987613,25th Aug 2018,ARS,3,1.80,1,1.08
987613,25th Aug 2018,WHU,1,1.08,3,1.80
987614,26th Aug 2018,BUR,2,1.48,4,1.32
987614,26th Aug 2018,FUL,4,1.32,2,1.48
987615,25th Aug 2018,CAR,0,0.90,0,0.21
987615,25th Aug 2018,HUD,0,0.21,0,0.90
987616,25th Aug 2018,BHA,0,0.59,1,1.63
987616,25th Aug 2018,LIV,1,1.63,0,0.59
987617,27th Aug 2018,MUN,0,1.49,3,1.30
987617,27th Aug 2018,TOT,3,1.30,0,1.49
987618,26th Aug 2018,CHE,2,1.49,1,0.23
987618,26th Aug 2018,NEW,1,0.23,2,1.49
987619,25th Aug 2018,LEI,2,0.65,1,0.51
987619,25th Aug 2018,SOU,1,0.51,2,0.65
987620,26th Aug 2018,CRY,1,1.02,2,1.16
987620,26th Aug 2018,WAT,2,1.16,1,1.02
987621,25th Aug 2018,MCI,1,1.61,1,1.15
987621,25th Aug 2018,WOL,1,1.15,1,1.61
987622,1st Sep 2018,BHA,2,2.93,2,1.65
987622,1st Sep 2018,FUL,2,1.65,2,2.93
987623,2nd Sep 2018,BUR,0,0.83,2,2.57
987623,2nd Sep 2018,MUN,2,2.57,0,0.83
987624,2nd Sep 2018,ARS,3,1.69,2,1.01
987624,2nd Sep 2018,CAR,2,1.01,3,1.69
987625,1st Sep 2018,BOU,0,0.89,2,1.11
987625,1st Sep 2018,CHE,2,1.11,0,0.89
987626,1st Sep 2018,CRY,0,2.38,2,3.10
987626,1st Sep 2018,SOU,2,3.10,0,2.38
987627,1st Sep 2018,EVE,1,0.85,1,0.43
987627,1st Sep 2018,HUD,1,0.43,1,0.85
987628,1st Sep 2018,LEI,1,1.05,2,1.05
987628,1st Sep 2018,LIV,2,1.05,1,1.05
987629,1st Sep 2018,MCI,2,1.97,1,0.49
987629,1st Sep 2018,NEW,1,0.49,2,1.97
987630,2nd Sep 2018,TOT,1,0.63,2,0.45
987630,2nd Sep 2018,WAT,2,0.45,1,0.63
987631,1st Sep 2018,WHU,0,1.09,1,1.05
987631,1st Sep 2018,WOL,1,1.05,0,1.09
987632,15th Sep 2018,BOU,4,2.26,2,2.31
987632,15th Sep 2018,LEI,2,2.31,4,2.26
987633,15th Sep 2018,CAR,1,0.74,4,2.65
987633,15th Sep 2018,CHE,4,2.65,1,0.74
987634,16th Sep 2018,EVE,1,1.35,3,1.25
987634,16th Sep 2018,WHU,3,1.25,1,1.35
987635,15th Sep 2018,CRY,1,0.65,0,0.94
987635,15th Sep 2018,HUD,0,0.94,1,0.65
987636,15th Sep 2018,FUL,0,0.37,3,4.81
987636,15th Sep 2018,MCI,3,4.81,0,0.37
987637,15th Sep 2018,ARS,2,0.97,1,0.39
987637,15th Sep 2018,NEW,1,0.39,2,0.97
987638,17th Sep 2018,BHA,2,1.58,2,2.03
987638,17th Sep 2018,SOU,2,2.03,2,1.58
987639,15th Sep 2018,LIV,2,2.58,1,1.01
987639,15th Sep 2018,TOT,1,1.01,2,2.58
987640,15th Sep 2018,MUN,2,1.89,1,1.25
987640,15th Sep 2018,WAT,1,1.25,2,1.89
987641,16th Sep 2018,BUR,0,0.29,1,2.79
987641,16th Sep 2018,WOL,1,2.79,0,0.29
987642,23rd Sep 2018,ARS,2,0.79,0,0.85
987642,23rd Sep 2018,EVE,0,0.85,2,0.79
987643,22nd Sep 2018,BHA,1,0.75,2,2.02
987643,22nd Sep 2018,TOT,2,2.02,1,0.75
987644,22nd Sep 2018,BOU,0,1.00,4,2.14
987644,22nd Sep 2018,BUR,4,2.14,0,1.00
987645,22nd Sep 2018,CAR,0,0.13,5,2.53
987645,22nd Sep 2018,MCI,5,2.53,0,0.13
987646,22nd Sep 2018,CRY,0,0.87,0,0.25
987646,22nd Sep 2018,NEW,0,0.25,0,0.87
987647,22nd Sep 2018,FUL,1,1.71,1,1.38
987647,22nd Sep 2018,WAT,1,1.38,1,1.71
987648,22nd Sep 2018,HUD,1,0.69,3,1.67
987648,22nd Sep 2018,LEI,3,1.67,1,0.69
987649,22nd Sep 2018,LIV,3,1.68,0,0.33
987649,22nd Sep 2018,SOU,0,0.33,3,1.68
987650,22nd Sep 2018,MUN,1,0.59,1,0.97
987650,22nd Sep 2018,WOL,1,0.97,1,0.59
987651,23rd Sep 2018,CHE,0,1.50,0,1.00
987651,23rd Sep 2018,WHU,0,1.00,0,1.50
987652,1st Oct 2018,BOU,2,1.81,1,0.43
987652,1st Oct 2018,CRY,1,0.43,2,1.81
987653,29th Sep 2018,ARS,2,1.39,0,2.76
987653,29th Sep 2018,WAT,0,2.76,2,1.39
987654,30th Sep 2018,BUR,2,0.27,1,1.73
987654,30th Sep 2018,CAR,1,1.73,2,0.27
987655,29th Sep 2018,CHE,1,1.09,1,1.61
987655,29th Sep 2018,LIV,1,1.61,1,1.09
987656,29th Sep 2018,EVE,3,2.40,0,0.48
987656,29th Sep 2018,FUL,0,0.48,3,2.40
987657,29th Sep 2018,HUD,0,0.43,2,2.14
987657,29th Sep 2018,TOT,2,2.14,0,0.43
987658,29th Sep 2018,BHA,0,0.25,2,2.72
987658,29th Sep 2018,MCI,2,2.72,0,0.25
987659,29th Sep 2018,LEI,2,1.68,0,0.41
987659,29th Sep 2018,NEW,0,0.41,2,1.68
987660,29th Sep 2018,MUN,1,0.67,3,1.36
987660,29th Sep 2018,WHU,3,1.36,1,0.67
987661,29th Sep 2018,SOU,0,0.77,2,1.64
987661,29th Sep 2018,WOL,2,1.64,0,0.77
987662,5th Oct 2018,BHA,1,1.19,0,1.45
987662,5th Oct 2018,WHU,0,1.45,1,1.19
987663,6th Oct 2018,BUR,1,0.36,1,0.99
987663,6th Oct 2018,HUD,1,0.99,1,0.36
987664,6th Oct 2018,CRY,0,1.37,1,0.74
987664,6th Oct 2018,WOL,1,0.74,0,1.37
987665,7th Oct 2018,ARS,5,1.14,1,1.40
987665,7th Oct 2018,FUL,1,1.40,5,1.14
987666,6th Oct 2018,EVE,2,1.27,1,0.92
987666,6th Oct 2018,LEI,1,0.92,2,1.27
987667,7th Oct 2018,LIV,0,0.35,0,1.05
987667,7th Oct 2018,MCI,0,1.05,0,0.35
987668,6th Oct 2018,MUN,3,1.88,2,1.58
987668,6th Oct 2018,NEW,2,1.58,3,1.88
987669,7th Oct 2018,CHE,3,2.95,0,1.63
987669,7th Oct 2018,SOU,0,1.63,3,2.95
987670,6th Oct 2018,CAR,0,1.23,1,2.05
987670,6th Oct 2018,TOT,1,2.05,0,1.23
987671,6th Oct 2018,BOU,4,3.19,0,1.07
987671,6th Oct 2018,WAT,0,1.07,4,3.19
987672,20th Oct 2018,BOU,0,0.94,0,0.53
987672,20th Oct 2018,SOU,0,0.53,0,0.94
987673,22nd Oct 2018,ARS,3,2.75,1,0.50
987673,22nd Oct 2018,LEI,1,0.50,3,2.75
987674,20th Oct 2018,CAR,4,1.48,2,0.68
987674,20th Oct 2018,FUL,2,0.68,4,1.48
987675,20th Oct 2018,CHE,2,1.84,2,0.86
987675,20th Oct 2018,MUN,2,0.86,2,1.84
987676,21st Oct 2018,CRY,0,1.35,2,1.80
987676,21st Oct 2018,EVE,2,1.80,0,1.35
987677,20th Oct 2018,HUD,0,0.72,1,0.65
987677,20th Oct 2018,LIV,1,0.65,0,0.72
987678,20th Oct 2018,BUR,0,0.37,5,3.97
987678,20th Oct 2018,MCI,5,3.97,0,0.37
987679,20th Oct 2018,BHA,1,0.92,0,1.79
987679,20th Oct 2018,NEW,0,1.79,1,0.92
987680,20th Oct 2018,TOT,1,0.95,0,0.82
987680,20th Oct 2018,WHU,0,0.82,1,0.95
987681,20th Oct 2018,WAT,2,1.14,0,0.65
987681,20th Oct 2018,WOL,0,0.65,2,1.14
987682,27th Oct 2018,BHA,1,0.96,0,1.43
987682,27th Oct 2018,WOL,0,1.43,1,0.96
987683,28th Oct 2018,BUR,0,0.42,4,2.62
987683,28th Oct 2018,CHE,4,2.62,0,0.42
987684,28th Oct 2018,ARS,2,0.85,2,2.32
987684,28th Oct 2018,CRY,2,2.32,2,0.85
987685,27th Oct 2018,BOU,3,1.96,0,0.51
987685,27th Oct 2018,FUL,0,0.51,3,1.96
987686,27th Oct 2018,LEI,1,1.74,1,1.39
987686,27th Oct 2018,WHU,1,1.39,1,1.74
987687,27th Oct 2018,CAR,1,0.81,4,2.45
987687,27th Oct 2018,LIV,4,2.45,1,0.81
987688,28th Oct 2018,EVE,1,1.76,2,2.26
987688,28th Oct 2018,MUN,2,2.26,1,1.76
987689,27th Oct 2018,NEW,0,0.35,0,1.16
987689,27th Oct 2018,SOU,0,1.16,0,0.35
987690,29th Oct 2018,MCI,1,1.61,0,0.45
987690,29th Oct 2018,TOT,0,0.45,1,1.61
987691,27th Oct 2018,HUD,0,0.54,3,2.04
987691,27th Oct 2018,WAT,3,2.04,0,0.54
987692,3rd Nov 2018,BOU,1,1.70,2,2.98
987692,3rd Nov 2018,MUN,2,2.98,1,1.70
987693,3rd Nov 2018,ARS,1,1.37,1,1.29
987693,3rd Nov 2018,LIV,1,1.29,1,1.37
987694,3rd Nov 2018,CAR,0,0.87,1,2.11
987694,3rd Nov 2018,LEI,1,2.11,0,0.87
987695,4th Nov 2018,CHE,3,1.74,1,0.37
987695,4th Nov 2018,CRY,1,0.37,3,1.74
987696,3rd Nov 2018,BHA,1,0.54,3,1.97
987696,3rd Nov 2018,EVE,3,1.97,1,0.54
987697,5th Nov 2018,FUL,0,0.45,1,0.63
987697,5th Nov 2018,HUD,1,0.63,0,0.45
987698,4th Nov 2018,MCI,6,2.25,1,1.99
987698,4th Nov 2018,SOU,1,1.99,6,2.25
987699,3rd Nov 2018,NEW,1,0.46,0,2.01
987699,3rd Nov 2018,WAT,0,2.01,1,0.46
987700,3rd Nov 2018,BUR,2,1.07,4,2.47
987700,3rd Nov 2018,WHU,4,2.47,2,1.07
987701,3rd Nov 2018,TOT,3,1.39,2,2.67
987701,3rd Nov 2018,WOL,2,2.67,3,1.39
987702,11th Nov 2018,ARS,1,0.90,1,1.90
987702,11th Nov 2018,WOL,1,1.90,1,0.90
987703,10th Nov 2018,BHA,1,0.50,2,2.21
987703,10th Nov 2018,CAR,2,2.21,1,0.50
987704,11th Nov 2018,CHE,0,1.16,0,0.33
987704,11th Nov 2018,EVE,0,0.33,0,1.16
987705,10th Nov 2018,CRY,0,0.84,1,1.20
987705,10th Nov 2018,TOT,1,1.20,0,0.84
987706,10th Nov 2018,HUD,1,1.12,1,1.66
987706,10th Nov 2018,WHU,1,1.66,1,1.12
987707,10th Nov 2018,BUR,0,0.40,0,1.86
987707,10th Nov 2018,LEI,0,1.86,0,0.40
987708,11th Nov 2018,FUL,0,0.50,2,1.78
987708,11th Nov 2018,LIV,2,1.78,0,0.50
987709,11th Nov 2018,MCI,3,1.86,1,1.07
987709,11th Nov 2018,MUN,1,1.07,3,1.86
987710,10th Nov 2018,BOU,1,1.65,2,2.21
987710,10th Nov 2018,NEW,2,2.21,1,1.65
987711,10th Nov 2018,SOU,1,1.09,1,1.17
987711,10th Nov 2018,WAT,1,1.17,1,1.09
987712,25th Nov 2018,ARS,2,1.63,1,0.63
987712,25th Nov 2018,BOU,1,0.63,2,1.63
987713,24th Nov 2018,BHA,1,1.04,1,1.23
987713,24th Nov 2018,LEI,1,1.23,1,1.04
987714,26th Nov 2018,BUR,1,1.78,2,1.61
987714,26th Nov 2018,NEW,2,1.61,1,1.78
987715,24th Nov 2018,CAR,0,1.04,1,2.13
987715,24th Nov 2018,EVE,1,2.13,0,1.04
987716,24th Nov 2018,FUL,3,1.28,2,1.33
987716,24th Nov 2018,SOU,2,1.33,3,1.28
987717,24th Nov 2018,CRY,0,1.16,0,0.90
987717,24th Nov 2018,MUN,0,0.90,0,1.16
987718,24th Nov 2018,CHE,1,1.01,3,3.09
987718,24th Nov 2018,TOT,3,3.09,1,1.01
987719,24th Nov 2018,LIV,3,1.21,0,0.42
987719,24th Nov 2018,WAT,0,0.42,3,1.21
987720,24th Nov 2018,MCI,4,2.73,0,0.86
987720,24th Nov 2018,WHU,0,0.86,4,2.73
987721,25th Nov 2018,HUD,2,0.66,0,0.80
987721,25th Nov 2018,WOL,0,0.80,2,0.66
987722,2nd Dec 2018,ARS,4,2.70,2,1.20
987722,2nd Dec 2018,TOT,2,1.20,4,2.70
987723,30th Nov 2018,CAR,2,1.08,1,0.79
987723,30th Nov 2018,WOL,1,0.79,2,1.08
987724,2nd Dec 2018,CHE,2,2.12,0,0.37
987724,2nd Dec 2018,FUL,0,0.37,2,2.12
987725,1st Dec 2018,BUR,0,0.68,2,1.66
987725,1st Dec 2018,CRY,2,1.66,0,0.68
987726,1st Dec 2018,BHA,2,1.22,1,0.62
987726,1st Dec 2018,HUD,1,0.62,2,1.22
987727,1st Dec 2018,LEI,2,1.28,0,1.18
987727,1st Dec 2018,WAT,0,1.18,2,1.28
987728,2nd Dec 2018,EVE,0,1.12,1,2.98
987728,2nd Dec 2018,LIV,1,2.98,0,1.12
987729,1st Dec 2018,BOU,1,0.55,3,2.60
987729,1st Dec 2018,MCI,3,2.60,1,0.55
987730,1st Dec 2018,NEW,0,1.05,3,2.52
987730,1st Dec 2018,WHU,3,2.52,0,1.05
987731,1st Dec 2018,MUN,2,1.07,2,0.70
987731,1st Dec 2018,SOU,2,0.70,2,1.07
987732,4th Dec 2018,BOU,2,0.90,1,1.87
987732,4th Dec 2018,HUD,1,1.87,2,0.90
987733,4th Dec 2018,BHA,3,1.26,1,1.74
987733,4th Dec 2018,CRY,1,1.74,3,1.26
987734,5th Dec 2018,BUR,1,0.92,3,2.37
987734,5th Dec 2018,LIV,3,2.37,1,0.92
987735,5th Dec 2018,FUL,1,1.44,1,1.20
987735,5th Dec 2018,LEI,1,1.20,1,1.44
987736,5th Dec 2018,ARS,2,1.42,2,1.10
987736,5th Dec 2018,MUN,2,1.10,2,1.42
987737,4th Dec 2018,MCI,2,2.54,1,1.82
987737,4th Dec 2018,WAT,1,1.82,2,2.54
987738,4th Dec 2018,CAR,1,2.08,3,1.71
987738,4th Dec 2018,WHU,3,1.71,1,2.08
987739,5th Dec 2018,CHE,1,1.30,2,0.73
987739,5th Dec 2018,WOL,2,0.73,1,1.30
987740,5th Dec 2018,EVE,1,1.86,1,1.50
987740,5th Dec 2018,NEW,1,1.50,1,1.86
987741,5th Dec 2018,SOU,1,1.69,3,1.60
987741,5th Dec 2018,TOT,3,1.60,1,1.69
987742,8th Dec 2018,BOU,0,0.31,4,1.57
987742,8th Dec 2018,LIV,4,1.57,0,0.31
987743,8th Dec 2018,ARS,1,1.43,0,0.32
987743,8th Dec 2018,HUD,0,0.32,1,1.43
987744,8th Dec 2018,BHA,0,1.02,1,1.64
987744,8th Dec 2018,BUR,1,1.64,0,1.02
987745,8th Dec 2018,CAR,1,1.54,0,0.71
987745,8th Dec 2018,SOU,0,0.71,1,1.54
987746,8th Dec 2018,CHE,2,0.62,0,0.89
987746,8th Dec 2018,MCI,0,0.89,2,0.62
987747,10th Dec 2018,EVE,2,1.69,2,1.74
987747,10th Dec 2018,WAT,2,1.74,2,1.69
987748,8th Dec 2018,LEI,0,0.42,2,0.86
987748,8th Dec 2018,TOT,2,0.86,0,0.42
987749,8th Dec 2018,FUL,1,1.20,4,2.34
987749,8th Dec 2018,MUN,4,2.34,1,1.20
987750,9th Dec 2018,NEW,1,0.61,2,1.80
987750,9th Dec 2018,WOL,2,1.80,1,0.61
987751,8th Dec 2018,CRY,2,0.68,3,1.23
987751,8th Dec 2018,WHU,3,1.23,2,0.68
987752,16th Dec 2018,BHA,1,0.41,2,1.19
987752,16th Dec 2018,CHE,2,1.19,1,0.41
987753,15th Dec 2018,CRY,1,0.48,0,0.98
987753,15th Dec 2018,LEI,0,0.98,1,0.48
987754,15th Dec 2018,FUL,0,1.28,2,0.80
987754,15th Dec 2018,WHU,2,0.80,0,1.28
987755,15th Dec 2018,HUD,0,0.82,1,0.64
987755,15th Dec 2018,NEW,1,0.64,0,0.82
987756,16th Dec 2018,LIV,3,2.55,1,0.74
987756,16th Dec 2018,MUN,1,0.74,3,2.55
987757,15th Dec 2018,EVE,1,1.50,3,1.72
987757,15th Dec 2018,MCI,3,1.72,1,1.50
987758,16th Dec 2018,ARS,2,1.92,3,1.25
987758,16th Dec 2018,SOU,3,1.25,2,1.92
987759,15th Dec 2018,BUR,0,0.48,1,1.65
987759,15th Dec 2018,TOT,1,1.65,0,0.48
987760,15th Dec 2018,CAR,2,1.03,3,1.42
987760,15th Dec 2018,WAT,3,1.42,2,1.03
987761,15th Dec 2018,BOU,0,0.57,2,1.84
987761,15th Dec 2018,WOL,2,1.84,0,0.57
987762,22nd Dec 2018,BOU,2,0.83,0,0.83
987762,22nd Dec 2018,BHA,0,0.83,2,0.83
987763,22nd Dec 2018,ARS,3,1.59,1,1.17
987763,22nd Dec 2018,BUR,1,1.17,3,1.59
987764,22nd Dec 2018,CAR,1,1.41,5,2.76
987764,22nd Dec 2018,MUN,5,2.76,1,1.41
987765,22nd Dec 2018,CHE,0,2.45,1,0.51
987765,22nd Dec 2018,LEI,1,0.51,0,2.45
987766,23rd Dec 2018,EVE,2,0.91,6,1.99
987766,23rd Dec 2018,TOT,6,1.99,2,0.91
987767,22nd Dec 2018,HUD,1,0.80,3,2.52
987767,22nd Dec 2018,SOU,3,2.52,1,0.80
987768,22nd Dec 2018,CRY,3,1.09,2,1.50
987768,22nd Dec 2018,MCI,2,1.50,3,1.09
987769,22nd Dec 2018,FUL,0,0.23,0,0.37
987769,22nd Dec 2018,NEW,0,0.37,0,0.23
987770,22nd Dec 2018,WAT,2,2.29,0,2.22
987770,22nd Dec 2018,WHU,0,2.22,2,2.29
987771,21st Dec 2018,LIV,2,1.96,0,0.86
987771,21st Dec 2018,WOL,0,0.86,2,1.96
987772,26th Dec 2018,ARS,1,0.79,1,1.10
987772,26th Dec 2018,BHA,1,1.10,1,0.79
987773,26th Dec 2018,BUR,1,1.99,5,1.52
987773,26th Dec 2018,EVE,5,1.52,1,1.99
987774,26th Dec 2018,CAR,0,0.86,0,2.10
987774,26th Dec 2018,CRY,0,2.10,0,0.86
987775,26th Dec 2018,FUL,1,1.26,1,1.49
987775,26th Dec 2018,WOL,1,1.49,1,1.26
987776,26th Dec 2018,LEI,2,1.44,1,1.44
987776,26th Dec 2018,MCI,1,1.44,2,1.44
987777,26th Dec 2018,LIV,4,3.02,0,0.47
987777,26th Dec 2018,NEW,0,0.47,4,3.02
987778,26th Dec 2018,HUD,1,1.08,3,1.57
987778,26th Dec 2018,MUN,3,1.57,1,1.08
987779,27th Dec 2018,SOU,1,1.22,2,1.20
987779,27th Dec 2018,WHU,2,1.20,1,1.22
987780,26th Dec 2018,BOU,0,1.11,5,1.79
987780,26th Dec 2018,TOT,5,1.79,0,1.11
987781,26th Dec 2018,CHE,2,1.89,1,1.21
987781,26th Dec 2018,WAT,1,1.21,2,1.89
987782,29th Dec 2018,BHA,1,1.10,0,0.72
987782,29th Dec 2018,EVE,0,0.72,1,1.10
987783,30th Dec 2018,BUR,2,2.74,0,0.80
987783,30th Dec 2018,WHU,0,0.80,2,2.74
987784,30th Dec 2018,CHE,1,0.95,0,0.23
987784,30th Dec 2018,CRY,0,0.23,1,0.95
987785,29th Dec 2018,FUL,1,1.77,0,0.42
987785,29th Dec 2018,HUD,0,0.42,1,1.77
987786,29th Dec 2018,CAR,1,0.58,0,1.77
987786,29th Dec 2018,LEI,0,1.77,1,0.58
987787,29th Dec 2018,ARS,1,1.01,5,3.90
987787,29th Dec 2018,LIV,5,3.90,1,1.01
987788,30th Dec 2018,BOU,1,0.49,4,2.95
987788,30th Dec 2018,MUN,4,2.95,1,0.49
987789,30th Dec 2018,MCI,3,2.47,1,0.24
987789,30th Dec 2018,SOU,1,0.24,3,2.47
987790,29th Dec 2018,TOT,1,0.31,3,0.95
987790,29th Dec 2018,WOL,3,0.95,1,0.31
987791,29th Dec 2018,NEW,1,0.72,1,1.26
987791,29th Dec 2018,WAT,1,1.26,1,0.72
987792,2nd Jan 2019,BOU,3,2.25,3,0.88
987792,2nd Jan 2019,WAT,3,0.88,3,2.25
987793,1st Jan 2019,ARS,4,4.57,1,1.36
987793,1st Jan 2019,FUL,1,1.36,4,4.57
987794,1st Jan 2019,CAR,0,0.91,3,1.09
987794,1st Jan 2019,TOT,3,1.09,0,0.91
987795,2nd Jan 2019,CHE,0,0.90,0,0.22
987795,2nd Jan 2019,SOU,0,0.22,0,0.90
987796,1st Jan 2019,EVE,0,0.99,1,0.64
987796,1st Jan 2019,LEI,1,0.64,0,0.99
987797,2nd Jan 2019,BUR,2,2.35,1,0.87
987797,2nd Jan 2019,HUD,1,0.87,2,2.35
987798,3rd Jan 2019,LIV,1,1.49,2,1.06
987798,3rd Jan 2019,MCI,2,1.06,1,1.49
987799,2nd Jan 2019,MUN,2,2.58,0,0.70
987799,2nd Jan 2019,NEW,0,0.70,2,2.58
987800,2nd Jan 2019,BHA,2,0.70,2,0.80
987800,2nd Jan 2019,WHU,2,0.80,2,0.70
987801,2nd Jan 2019,CRY,2,1.90,0,0.47
987801,2nd Jan 2019,WOL,0,0.47,2,1.90
987802,12th Jan 2019,BHA,0,0.40,1,1.99
987802,12th Jan 2019,LIV,1,1.99,0,0.40
987803,12th Jan 2019,BUR,2,0.85,1,0.83
987803,12th Jan 2019,FUL,1,0.83,2,0.85
987804,12th Jan 2019,CAR,0,0.14,0,0.56
987804,12th Jan 2019,HUD,0,0.56,0,0.14
987805,12th Jan 2019,CHE,2,1.32,1,0.46
987805,12th Jan 2019,NEW,1,0.46,2,1.32
987806,12th Jan 2019,CRY,1,1.33,2,1.67
987806,12th Jan 2019,WAT,2,1.67,1,1.33
987807,13th Jan 2019,BOU,0,1.92,2,0.99
987807,13th Jan 2019,EVE,2,0.99,0,1.92
987808,12th Jan 2019,LEI,1,1.70,2,1.47
987808,12th Jan 2019,SOU,2,1.47,1,1.70
987809,14th Jan 2019,MCI,3,2.91,0,0.14
987809,14th Jan 2019,WOL,0,0.14,3,2.91
987810,13th Jan 2019,MUN,1,0.83,0,1.86
987810,13th Jan 2019,TOT,0,1.86,1,0.83
987811,12th Jan 2019,ARS,0,0.69,1,0.64
987811,12th Jan 2019,WHU,1,0.64,0,0.69
987812,19th Jan 2019,BOU,2,1.10,0,1.29
987812,19th Jan 2019,WHU,0,1.29,2,1.10
987813,19th Jan 2019,ARS,2,1.54,0,0.92
987813,19th Jan 2019,CHE,0,0.92,2,1.54
987814,20th Jan 2019,FUL,1,0.93,2,1.75
987814,20th Jan 2019,TOT,2,1.75,1,0.93
987815,20th Jan 2019,HUD,0,0.90,3,1.97
987815,20th Jan 2019,MCI,3,1.97,0,0.90
987816,19th Jan 2019,CRY,3,0.67,4,2.59
987816,19th Jan 2019,LIV,4,2.59,3,0.67
987817,19th Jan 2019,BHA,1,0.76,2,2.45
987817,19th Jan 2019,MUN,2,2.45,1,0.76
987818,19th Jan 2019,CAR,0,0.31,3,2.04
987818,19th Jan 2019,NEW,3,2.04,0,0.31
987819,19th Jan 2019,EVE,1,0.94,2,0.72
987819,19th Jan 2019,SOU,2,0.72,1,0.94
987820,19th Jan 2019,BUR,0,1.85,0,1.31
987820,19th Jan 2019,WAT,0,1.31,0,1.85
987821,19th Jan 2019,LEI,3,1.87,4,1.95
987821,19th Jan 2019,WOL,4,1.95,3,1.87
987822,30th Jan 2019,BOU,4,2.00,0,0.72
987822,30th Jan 2019,CHE,0,0.72,4,2.00
987823,29th Jan 2019,ARS,2,2.57,1,0.81
987823,29th Jan 2019,CAR,1,0.81,2,2.57
987824,29th Jan 2019,BHA,2,2.30,4,3.64
987824,29th Jan 2019,FUL,4,3.64,2,2.30
987825,29th Jan 2019,EVE,1,1.07,0,0.71
987825,29th Jan 2019,HUD,0,0.71,1,1.07
987826,29th Jan 2019,BUR,2,0.77,2,3.11
987826,29th Jan 2019,MUN,2,3.11,2,0.77
987827,29th Jan 2019,WHU,0,0.16,3,2.24
987827,29th Jan 2019,WOL,3,2.24,0,0.16
987828,30th Jan 2019,LEI,1,1.12,1,0.58
987828,30th Jan 2019,LIV,1,0.58,1,1.12
987829,29th Jan 2019,MCI,1,1.39,2,1.10
987829,29th Jan 2019,NEW,2,1.10,1,1.39
987830,30th Jan 2019,CRY,1,1.08,1,1.23
987830,30th Jan 2019,SOU,1,1.23,1,1.08
987831,30th Jan 2019,TOT,2,1.75,1,0.50
987831,30th Jan 2019,WAT,1,0.50,2,1.75
987832,2nd Feb 2019,BHA,0,1.63,0,0.28
987832,2nd Feb 2019,WAT,0,0.28,0,1.63
987833,2nd Feb 2019,BUR,1,2.39,1,0.74
987833,2nd Feb 2019,SOU,1,0.74,1,2.39
987834,2nd Feb 2019,BOU,0,0.51,2,2.07
987834,2nd Feb 2019,CAR,2,2.07,0,0.51
987835,2nd Feb 2019,CHE,5,2.60,0,0.28
987835,2nd Feb 2019,HUD,0,0.28,5,2.60
987836,2nd Feb 2019,CRY,2,2.26,0,0.60
987836,2nd Feb 2019,FUL,0,0.60,2,2.26
987837,2nd Feb 2019,EVE,1,1.20,3,1.44
987837,2nd Feb 2019,WOL,3,1.44,1,1.20
987838,3rd Feb 2019,LEI,0,1.46,1,1.26
987838,3rd Feb 2019,MUN,1,1.26,0,1.46
987839,3rd Feb 2019,ARS,1,0.67,3,2.65
987839,3rd Feb 2019,MCI,3,2.65,1,0.67
987840,2nd Feb 2019,NEW,0,0.42,1,2.28
987840,2nd Feb 2019,TOT,1,2.28,0,0.42
987841,4th Feb 2019,LIV,1,1.11,1,0.80
987841,4th Feb 2019,WHU,1,0.80,1,1.11
987842,9th Feb 2019,BHA,1,1.16,3,2.07
987842,9th Feb 2019,BUR,3,2.07,1,1.16
987843,9th Feb 2019,CRY,1,2.66,1,1.67
987843,9th Feb 2019,WHU,1,1.67,1,2.66
987844,9th Feb 2019,FUL,0,2.28,3,1.90
987844,9th Feb 2019,MUN,3,1.90,0,2.28
987845,9th Feb 2019,ARS,2,1.37,1,1.63
987845,9th Feb 2019,HUD,1,1.63,2,1.37
987846,9th Feb 2019,BOU,0,0.43,3,2.02
987846,9th Feb 2019,LIV,3,2.02,0,0.43
987847,10th Feb 2019,CHE,0,0.87,6,3.06
987847,10th Feb 2019,MCI,6,3.06,0,0.87
987848,9th Feb 2019,CAR,2,0.84,1,1.57
987848,9th Feb 2019,SOU,1,1.57,2,0.84
987849,10th Feb 2019,LEI,1,3.35,3,1.08
987849,10th Feb 2019,TOT,3,1.08,1,3.35
987850,9th Feb 2019,EVE,0,0.72,1,1.28
987850,9th Feb 2019,WAT,1,1.28,0,0.72
987851,11th Feb 2019,NEW,1,0.43,1,2.40
987851,11th Feb 2019,WOL,1,2.40,1,0.43
987852,23rd Feb 2019,BOU,1,2.38,1,1.53
987852,23rd Feb 2019,WOL,1,1.53,1,2.38
987853,24th Feb 2019,ARS,2,2.16,0,0.82
987853,24th Feb 2019,SOU,0,0.82,2,2.16
987854,23rd Feb 2019,BUR,2,1.31,1,0.89
987854,23rd Feb 2019,TOT,1,0.89,2,1.31
987855,22nd Feb 2019,CAR,1,1.96,5,2.11
987855,22nd Feb 2019,WAT,5,2.11,1,1.96
987856,3rd Apr 2019,BHA,0,0.41,3,2.69
987856,3rd Apr 2019,CHE,3,2.69,0,0.41
987857,6th Feb 2019,EVE,0,0.13,2,2.29
987857,6th Feb 2019,MCI,2,2.29,0,0.13
987858,23rd Feb 2019,CRY,4,1.75,1,1.19
987858,23rd Feb 2019,LEI,1,1.19,4,1.75
987859,24th Feb 2019,LIV,0,0.47,0,0.33
987859,24th Feb 2019,MUN,0,0.33,0,0.47
987860,23rd Feb 2019,HUD,0,0.16,2,2.82
987860,23rd Feb 2019,NEW,2,2.82,0,0.16
987861,22nd Feb 2019,FUL,1,1.30,3,2.85
987861,22nd Feb 2019,WHU,3,2.85,1,1.30
987862,27th Feb 2019,ARS,5,2.48,1,0.91
987862,27th Feb 2019,BOU,1,0.91,5,2.48
987863,26th Feb 2019,CAR,0,0.34,3,0.97
987863,26th Feb 2019,EVE,3,0.97,0,0.34
987864,27th Feb 2019,CRY,1,1.71,3,0.98
987864,27th Feb 2019,MUN,3,0.98,1,1.71
987865,26th Feb 2019,HUD,1,1.59,0,0.60
987865,26th Feb 2019,WOL,0,0.60,1,1.59
987866,26th Feb 2019,BHA,1,1.25,2,1.76
987866,26th Feb 2019,LEI,2,1.76,1,1.25
987867,27th Feb 2019,CHE,2,0.82,0,0.79
987867,27th Feb 2019,TOT,0,0.79,2,0.82
987868,27th Feb 2019,LIV,5,1.96,0,0.34
987868,27th Feb 2019,WAT,0,0.34,5,1.96
987869,27th Feb 2019,MCI,1,3.53,0,0.35
987869,27th Feb 2019,WHU,0,0.35,1,3.53
987870,26th Feb 2019,BUR,0,1.64,2,1.38
987870,26th Feb 2019,NEW,2,1.38,0,1.64
987871,27th Feb 2019,FUL,0,0.82,2,1.34
987871,27th Feb 2019,SOU,2,1.34,0,0.82
987872,2nd Mar 2019,BOU,0,0.00,1,1.21
987872,2nd Mar 2019,MCI,1,1.21,0,0.00
987873,2nd Mar 2019,BHA,1,1.17,0,0.23
987873,2nd Mar 2019,HUD,0,0.23,1,1.17
987874,2nd Mar 2019,BUR,1,2.17,3,0.49
987874,2nd Mar 2019,CRY,3,0.49,1,2.17
987875,3rd Mar 2019,EVE,0,0.34,0,1.11
987875,3rd Mar 2019,LIV,0,1.11,0,0.34
987876,3rd Mar 2019,CHE,2,1.23,1,0.78
987876,3rd Mar 2019,FUL,1,0.78,2,1.23
987877,2nd Mar 2019,MUN,3,2.23,2,0.43
987877,2nd Mar 2019,SOU,2,0.43,3,2.23
987878,2nd Mar 2019,ARS,1,2.57,1,1.60
987878,2nd Mar 2019,TOT,1,1.60,1,2.57
987879,3rd Mar 2019,LEI,1,0.94,2,0.87
987879,3rd Mar 2019,WAT,2,0.87,1,0.94
987880,2nd Mar 2019,NEW,0,1.11,2,1.96
987880,2nd Mar 2019,WHU,2,1.96,0,1.11
987881,2nd Mar 2019,CAR,0,0.59,2,2.86
987881,2nd Mar 2019,WOL,2,2.86,0,0.59
987882,10th Mar 2019,ARS,2,1.70,0,2.35
987882,10th Mar 2019,MUN,0,2.35,2,1.70
987883,9th Mar 2019,CAR,2,3.52,0,0.34
987883,9th Mar 2019,WHU,0,0.34,2,3.52
987884,10th Mar 2019,CHE,1,1.11,1,0.54
987884,10th Mar 2019,WOL,1,0.54,1,1.11
987885,9th Mar 2019,BHA,2,0.16,1,1.52
987885,9th Mar 2019,CRY,1,1.52,2,0.16
987886,9th Mar 2019,BOU,2,1.89,0,0.35
987886,9th Mar 2019,HUD,0,0.35,2,1.89
987887,9th Mar 2019,FUL,1,0.22,3,2.04
987887,9th Mar 2019,LEI,3,2.04,1,0.22
987888,10th Mar 2019,BUR,2,0.44,4,4.03
987888,10th Mar 2019,LIV,4,4.03,2,0.44
987889,9th Mar 2019,MCI,3,3.60,1,0.17
987889,9th Mar 2019,WAT,1,0.17,3,3.60
987890,9th Mar 2019,EVE,2,1.10,3,2.47
987890,9th Mar 2019,NEW,3,2.47,2,1.10
987891,9th Mar 2019,SOU,2,2.09,1,1.29
987891,9th Mar 2019,TOT,1,1.29,2,2.09
987892,16th Mar 2019,BOU,2,1.32,2,1.12
987892,16th Mar 2019,NEW,2,1.12,2,1.32
987893,16th Apr 2019,BHA,0,0.64,2,0.89
987893,16th Apr 2019,CAR,2,0.89,0,0.64
987894,16th Mar 2019,BUR,1,1.06,2,0.90
987894,16th Mar 2019,LEI,2,0.90,1,1.06
987895,17th Mar 2019,CHE,0,1.48,2,2.30
987895,17th Mar 2019,EVE,2,2.30,0,1.48
987896,17th Mar 2019,FUL,1,1.10,2,2.62
987896,17th Mar 2019,LIV,2,2.62,1,1.10
987897,24th Apr 2019,MCI,2,0.52,0,0.50
987897,24th Apr 2019,MUN,0,0.50,2,0.52
987898,3rd Apr 2019,CRY,0,0.33,2,2.13
987898,3rd Apr 2019,TOT,2,2.13,0,0.33
987899,23rd Apr 2019,SOU,1,1.95,1,1.27
987899,23rd Apr 2019,WAT,1,1.27,1,1.95
987900,16th Mar 2019,HUD,3,1.33,4,1.78
987900,16th Mar 2019,WHU,4,1.78,3,1.33
987901,24th Apr 2019,ARS,1,0.78,3,1.22
987901,24th Apr 2019,WOL,3,1.22,1,0.78
987902,1st Apr 2019,ARS,2,0.81,0,0.10
987902,1st Apr 2019,NEW,0,0.10,2,0.81
987903,30th Mar 2019,BHA,0,0.70,1,0.72
987903,30th Mar 2019,SOU,1,0.72,0,0.70
987904,30th Mar 2019,BUR,2,0.55,0,0.53
987904,30th Mar 2019,WOL,0,0.53,2,0.55
987905,31st Mar 2019,CAR,1,0.50,2,1.86
987905,31st Mar 2019,CHE,2,1.86,1,0.50
987906,30th Mar 2019,CRY,2,2.73,0,1.06
987906,30th Mar 2019,HUD,0,1.06,2,2.73
987907,30th Mar 2019,FUL,0,0.47,2,1.78
987907,30th Mar 2019,MCI,2,1.78,0,0.47
987908,30th Mar 2019,BOU,0,0.80,2,1.35
987908,30th Mar 2019,LEI,2,1.35,0,0.80
987909,31st Mar 2019,LIV,2,1.05,1,0.75
987909,31st Mar 2019,TOT,1,0.75,2,1.05
987910,30th Mar 2019,MUN,2,1.62,1,1.47
987910,30th Mar 2019,WAT,1,1.47,2,1.62
987911,30th Mar 2019,EVE,2,1.82,0,0.10
987911,30th Mar 2019,WHU,0,0.10,2,1.82
987912,6th Apr 2019,BOU,1,1.14,3,1.25
987912,6th Apr 2019,BUR,3,1.25,1,1.14
987913,8th Apr 2019,CHE,2,1.89,0,0.61
987913,8th Apr 2019,WHU,0,0.61,2,1.89
987914,7th Apr 2019,ARS,0,0.35,1,2.45
987914,7th Apr 2019,EVE,1,2.45,0,0.35
987915,6th Apr 2019,HUD,1,1.66,4,3.50
987915,6th Apr 2019,LEI,4,3.50,1,1.66
987916,3rd Apr 2019,CAR,0,0.15,2,3.20
987916,3rd Apr 2019,MCI,2,3.20,0,0.15
987917,6th Apr 2019,CRY,1,0.92,0,0.93
987917,6th Apr 2019,NEW,0,0.93,1,0.92
987918,5th Apr 2019,LIV,3,1.87,1,0.89
987918,5th Apr 2019,SOU,1,0.89,3,1.87
987919,23rd Apr 2019,BHA,0,0.31,1,1.35
987919,23rd Apr 2019,TOT,1,1.35,0,0.31
987920,2nd Apr 2019,FUL,1,1.69,4,1.23
987920,2nd Apr 2019,WAT,4,1.23,1,1.69
987921,2nd Apr 2019,MUN,1,1.88,2,1.84
987921,2nd Apr 2019,WOL,2,1.84,1,1.88
987922,13th Apr 2019,BOU,5,2.47,0,0.29
987922,13th Apr 2019,BHA,0,0.29,5,2.47
987923,13th Apr 2019,BUR,2,2.68,0,0.90
987923,13th Apr 2019,CAR,0,0.90,2,2.68
987924,14th Apr 2019,CRY,1,0.36,3,2.55
987924,14th Apr 2019,MCI,3,2.55,1,0.36
987925,13th Apr 2019,EVE,0,1.05,2,1.54
987925,13th Apr 2019,FUL,2,1.54,0,1.05
987926,12th Apr 2019,LEI,0,1.01,1,1.12
987926,12th Apr 2019,NEW,1,1.12,0,1.01
987927,14th Apr 2019,CHE,0,0.73,2,1.22
987927,14th Apr 2019,LIV,2,1.22,0,0.73
987928,13th Apr 2019,MUN,2,2.47,1,1.41
987928,13th Apr 2019,WHU,1,1.41,2,2.47
987929,13th Apr 2019,SOU,3,2.91,1,0.76
987929,13th Apr 2019,WOL,1,0.76,3,2.91
987930,13th Apr 2019,HUD,0,0.78,4,2.52
987930,13th Apr 2019,TOT,4,2.52,0,0.78
987931,15th Apr 2019,ARS,1,2.40,0,0.95
987931,15th Apr 2019,WAT,0,0.95,1,2.40
987932,20th Apr 2019,BOU,0,2.30,1,2.55
987932,20th Apr 2019,FUL,1,2.55,0,2.30
987933,21st Apr 2019,ARS,2,1.25,3,1.61
987933,21st Apr 2019,CRY,3,1.61,2,1.25
987934,21st Apr 2019,CAR,0,1.15,2,3.00
987934,21st Apr 2019,LIV,2,3.00,0,1.15
987935,22nd Apr 2019,BUR,2,0.70,2,1.34
987935,22nd Apr 2019,CHE,2,1.34,2,0.70
987936,21st Apr 2019,EVE,4,1.58,0,0.34
987936,21st Apr 2019,MUN,0,0.34,4,1.58
987937,20th Apr 2019,HUD,1,1.02,2,0.89
987937,20th Apr 2019,WAT,2,0.89,1,1.02
987938,20th Apr 2019,MCI,1,1.90,0,0.96
987938,20th Apr 2019,TOT,0,0.96,1,1.90
987939,20th Apr 2019,NEW,3,1.55,1,1.20
987939,20th Apr 2019,SOU,1,1.20,3,1.55
987940,20th Apr 2019,LEI,2,0.88,2,1.21
987940,20th Apr 2019,WHU,2,1.21,2,0.88
987941,20th Apr 2019,BHA,0,0.23,0,2.78
987941,20th Apr 2019,WOL,0,2.78,0,0.23
987942,27th Apr 2019,BHA,1,1.27,1,0.43
987942,27th Apr 2019,NEW,1,0.43,1,1.27
987943,28th Apr 2019,BUR,0,0.09,1,2.60
987943,28th Apr 2019,MCI,1,2.60,0,0.09
987944,27th Apr 2019,CRY,0,0.30,0,1.47
987944,27th Apr 2019,EVE,0,1.47,0,0.30
987945,27th Apr 2019,CAR,0,1.16,1,0.48
987945,27th Apr 2019,FUL,1,0.48,0,1.16
987946,28th Apr 2019,ARS,0,0.60,3,3.31
987946,28th Apr 2019,LEI,3,3.31,0,0.60
987947,26th Apr 2019,HUD,0,0.21,5,3.14
987947,26th Apr 2019,LIV,5,3.14,0,0.21
987948,28th Apr 2019,CHE,1,1.74,1,1.13
987948,28th Apr 2019,MUN,1,1.13,1,1.74
987949,27th Apr 2019,BOU,3,2.32,3,2.68
987949,27th Apr 2019,SOU,3,2.68,3,2.32
987950,27th Apr 2019,TOT,0,1.55,1,1.11
987950,27th Apr 2019,WHU,1,1.11,0,1.55
987951,27th Apr 2019,WAT,1,0.85,2,2.06
987951,27th Apr 2019,WOL,2,2.06,1,0.85
987952,4th May 2019,BOU,1,1.68,0,0.75
987952,4th May 2019,TOT,0,0.75,1,1.68
987953,5th May 2019,ARS,1,2.44,1,1.94
987953,5th May 2019,BHA,1,1.94,1,2.44
987954,4th May 2019,CAR,2,1.88,3,1.60
987954,4th May 2019,CRY,3,1.60,2,1.88
987955,5th May 2019,CHE,3,2.31,0,1.73
987955,5th May 2019,WAT,0,1.73,3,2.31
987956,3rd May 2019,BUR,0,0.34,2,1.68
987956,3rd May 2019,EVE,2,1.68,0,0.34
987957,5th May 2019,HUD,1,0.99,1,1.81
987957,5th May 2019,MUN,1,1.81,1,0.99
987958,6th May 2019,LEI,0,0.51,1,1.01
987958,6th May 2019,MCI,1,1.01,0,0.51
987959,4th May 2019,LIV,3,1.23,2,1.47
987959,4th May 2019,NEW,2,1.47,3,1.23
987960,4th May 2019,SOU,0,0.49,3,1.96
987960,4th May 2019,WHU,3,1.96,0,0.49
987961,4th May 2019,FUL,0,0.52,1,2.02
987961,4th May 2019,WOL,1,2.02,0,0.52
987962,12th May 2019,BHA,1,0.47,4,1.63
987962,12th May 2019,MCI,4,1.63,1,0.47
987963,12th May 2019,ARS,3,2.69,1,1.68
987963,12th May 2019,BUR,1,1.68,3,2.69
987964,12th May 2019,BOU,3,1.82,5,2.88
987964,12th May 2019,CRY,5,2.88,3,1.82
987965,12th May 2019,FUL,0,0.71,4,2.09
987965,12th May 2019,NEW,4,2.09,0,0.71
987966,12th May 2019,CHE,0,1.53,0,0.39
987966,12th May 2019,LEI,0,0.39,0,1.53
987967,12th May 2019,LIV,2,1.57,0,1.27
987967,12th May 2019,WOL,0,1.27,2,1.57
987968,12th May 2019,CAR,2,1.63,0,1.53
987968,12th May 2019,MUN,0,1.53,2,1.63
987969,12th May 2019,HUD,1,0.73,1,0.62
987969,12th May 2019,SOU,1,0.62,1,0.73
987970,12th May 2019,EVE,2,2.02,2,0.63
987970,12th May 2019,TOT,2,0.63,2,2.02
987971,12th May 2019,WAT,1,2.23,4,3.07
987971,12th May 2019,WHU,4,3.07,1,2.23
